﻿ANO;PRODUTO;MOVIMENTO COMERCIAL;UNIDADE;JAN;FEV;MAR;ABR;MAI;JUN;JUL;AGO;SET;OUT;NOV;DEZ;TOTAL
2012;ETANOL HIDRATADO;DISPÊNDIO COM IMPORTAÇÃO;US$ FOB;261499;51772;281914;179240;210257;154329;47534;167042;91908;129953;175898;27691;1779037
2013;ETANOL HIDRATADO;DISPÊNDIO COM IMPORTAÇÃO;US$ FOB;197923;280186;336400;44494;46724;35349;291655;7034;126897;20239;5890;32738;1425529
2014;ETANOL HIDRATADO;DISPÊNDIO COM IMPORTAÇÃO;US$ FOB;15768;8715;9161;47941;217350;20355;180715;49238;197138;391932;108661;176094;1423068
2015;ETANOL HIDRATADO;DISPÊNDIO COM IMPORTAÇÃO;US$ FOB;60505;110317;199360;4634;118198;249688;253268;224742;33874;84710;96180;10223;1445699
2016;ETANOL HIDRATADO;DISPÊNDIO COM IMPORTAÇÃO;US$ FOB;9583;14797;68279;98103;182954;14346;108396;7513;39994;40681;12144;5348;602138
2017;ETANOL HIDRATADO;DISPÊNDIO COM IMPORTAÇÃO;US$ FOB;31680;6428;35752;21568;15596;2890;13205;121806;136285;30404;3057;2991;421662
2018;ETANOL HIDRATADO;DISPÊNDIO COM IMPORTAÇÃO;US$ FOB;45958;8600;4983006;1822546;5019;3767705;3628718;19995;1718938;151864;83354;12169;16247872
2019;ETANOL HIDRATADO;DISPÊNDIO COM IMPORTAÇÃO;US$ FOB;45736;22580;45155;5149;44592;1986;65475;45958;26785;4799;19944;16083;344242
2020;ETANOL HIDRATADO;DISPÊNDIO COM IMPORTAÇÃO;US$ FOB;72384;17989;9577;22375;40557;26537;14494;33484;16138;5456;18391;2234;279616
2021;ETANOL HIDRATADO;DISPÊNDIO COM IMPORTAÇÃO;US$ FOB;315481;11505;;;;;;;;;;;326986
